{"dropout3": 0, "nodes3": 150, "dropout2": 0.2, "val_accuracy": [0.08268887657785189], "mse": [0.008289595156987791], "val_mse": [0.008722755400345377], "second_phase_pick_accuracy": 0.062314098750743604, "learning_rate": 0.001, "batch_size": 128, "nodes2": 200, "accuracy": [0.16622807007086904], "dropout1": 0.3, "epochs": 200, "last_phase_pick_accuracy": 0.07882212968471149, "nodes1": 200, "last_phase_ban_accuracy": 0.10172516359309934}